RegionID,SizeRank,RegionName,RegionType,StateName,State,City,Metro,CountyName,2019-01-31,2019-02-28,2019-03-31,2019-04-30,2019-05-31,2019-06-30,2019-07-31,2019-08-31,2019-09-30,2019-10-31,2019-11-30,2019-12-31,2020-01-31,2020-02-29,2020-03-31,2020-04-30,2020-05-31,2020-06-30,2020-07-31,2020-08-31,2020-09-30,2020-10-31,2020-11-30,2020-12-31,2021-01-31,2021-02-28,2021-03-31,2021-04-30,2021-05-31,2021-06-30,2021-07-31,2021-08-31,2021-09-30,2021-10-31,2021-11-30,2021-12-31,2022-01-31,2022-02-28,2022-03-31,2022-04-30,2022-05-31,2022-06-30,2022-07-31,2022-08-31,2022-09-30,2022-10-31,2022-11-30,2022-12-31,2023-01-31,2023-02-28,2023-03-31,2023-04-30,2023-05-31,2023-06-30,2023-07-31,2023-08-31,2023-09-30,2023-10-31,2023-11-30,2023-12-31,2024-01-31,2024-02-29,2024-03-31,2024-04-30,2024-05-31,2024-06-30
78701,447,78701,zip,TX,TX,Austin,Austin-Round Rock-Georgetown,Austin County,522017.62,526846.99,532021.52,532631.7,534279.37,538224.24,541481.18,545244.25,547665.61,552944.12,558104.95,562122.24,571892.9,580701.49,587334.34,596206.76,602838.58,612867.01,621355.35,629709.73,637239.3,648497.81,657276.14,665633.42,674249.11,684765.32,695102.77,705694.88,716486.7,731120.9,740465.17,749693.79,758359.26,770377.69,783772.19,794477.07,803597.3,812860.0,825826.57,839229.54,852346.24,862577.36,875254.21,887814.16,900826.02,915792.6,929228.0,944129.79,941488.81,939480.95,938441.76,931524.07,927836.15,923743.35,919201.65,915685.31,917044.94,911911.79,911825.01,904486.08,909908.79,916722.42,924751.69,933198.07,941951.51,947559.72
78702,3870,78702,zip,TX,TX,Austin,Austin-Round Rock-Georgetown,Austin County,442469.7,446705.87,449576.44,451002.92,452626.59,454546.47,458406.25,461810.96,466000.25,468664.96,472168.52,476359.85,482586.81,490004.32,495891.34,502293.72,508750.59,514047.95,521995.6,528568.46,535988.23,544265.09,552613.9,561453.6,569148.06,576393.38,584325.04,589547.73,595241.97,601213.38,607831.7,617070.33,624033.08,632061.58,643374.02,651693.62,662259.24,669675.98,678638.71,686205.49,695114.42,706598.36,712829.17,723737.79,734386.29,743358.69,750540.9,761210.88,757718.08,755973.83,753755.47,755116.25,752308.68,747741.79,745900.72,744155.31,744957.18,744588.68,743152.08,744184.99,746740.31,750534.31,753701.76,758096.28,760271.97,767042.53
78703,1474,78703,zip,TX,TX,Austin,Austin-Round Rock-Georgetown,Austin County,681759.56,684454.73,689889.67,696453.54,705500.61,716606.31,722513.46,725426.19,725864.25,731528.26,734864.89,739093.25,748083.37,758240.56,771280.74,782442.06,793023.88,801662.32,808858.0,819001.95,830335.83,846364.46,858544.34,873095.14,884010.67,893244.31,903163.48,913842.77,932471.83,943228.68,958806.54,969632.64,985917.34,1000858.78,1014400.48,1028478.04,1040856.43,1056821.31,1070174.3,1081221.9,1092213.81,1108070.31,1128832.53,1145177.99,1160802.9,1178049.5,1199157.8,1216735.23,1211585.06,1211971.39,1209894.4,1211839.02,1208869.66,1200802.38,1192271.31,1194599.55,1197193.03,1192956.69,1188006.44,1189651.04,1194027.6,1199180.81,1209889.47,1216926.41,1225426.2,1233403.32
78704,114,78704,zip,TX,TX,Austin,Austin-Round Rock-Georgetown,Austin County,594727.51,601401.8,605775.05,611185.72,611704.91,615897.44,618650.7,620719.19,623428.97,627168.07,633281.52,635194.55,644145.64,652228.05,660718.09,671955.77,682447.92,694740.3,704144.64,712532.53,722029.47,732663.15,743308.54,751296.76,762018.87,773208.87,789873.4,805379.03,814592.79,825294.78,833225.6,843414.18,856020.54,871101.53,881391.63,892001.44,898743.3,910887.13,920736.33,932164.21,942762.38,955694.45,964034.62,973288.25,993131.4,1003199.5,1013943.41,1033726.2,1039634.15,1032861.25,1028621.61,1026589.74,1028833.96,1022701.53,1018880.88,1018200.28,1016473.72,1012277.24,1008834.01,1001646.38,1007942.21,1014192.3,1021998.04,1027449.39,1036094.99,1046495.46
78745,4015,78745,zip,TX,TX,Austin,Austin-Round Rock-Georgetown,Austin County,383061.0,385803.51,388504.24,390382.78,393486.12,396125.68,401386.04,406090.31,409403.0,411331.63,412838.24,417203.36,423373.06,429910.13,433678.82,440956.96,447731.49,452508.21,458203.22,464980.57,471563.49,477752.05,484292.25,490706.25,497800.73,506967.47,510161.37,516941.14,524452.05,532260.09,539117.86,543824.27,551972.93,562560.9,567848.08,577269.52,584782.35,592861.72,599289.12,607077.86,617944.63,627676.0,639725.46,650941.27,660911.91,673622.44,683940.3,695214.35,692510.16,690570.88,687054.31,687032.84,682543.14,682097.48,679661.06,680010.23,679501.99,681174.88,680624.72,675372.93,679964.89,682333.87,686049.29,693961.96,700146.97,703579.94
78748,1968,78748,zip,TX,TX,Austin,Austin-Round Rock-Georgetown,Austin County,351385.6,353879.85,355065.46,356836.03,359667.89,363432.15,366639.9,366686.15,369587.77,372254.76,375322.76,379769.82,382735.93,387415.52,393526.12,397168.29,404487.24,410597.05,417388.22,422516.74,429463.46,436852.56,443273.7,449791.24,456453.11,461661.23,467920.16,474256.93,481442.01,489626.27,494926.18,501669.54,510922.51,516935.68,522897.63,530535.55,539306.98,546875.76,556712.35,565937.29,575289.66,584300.05,596560.4,604545.07,609375.04,620839.07,628678.34,637683.3,638275.49,633292.61,629014.76,624106.03,620746.84,619703.31,618818.72,617475.16,613005.69,606918.35,605196.56,602524.42,607572.46,613104.93,617650.94,623382.98,628175.32,633571.47
78750,1230,78750,zip,TX,TX,Austin,Austin-Round Rock-Georgetown,Austin County,422713.69,425922.23,429952.12,432453.92,436157.24,438862.5,441779.78,445971.63,446426.89,447815.54,448959.01,448958.63,454330.51,461712.61,467781.98,474608.5,482803.87,491486.16,498265.03,507264.07,514505.97,520416.51,526774.34,531809.45,537837.83,544789.89,553730.31,564341.06,569901.77,578552.01,584845.71,593866.43,601947.01,607067.95,617257.52,624778.8,632524.99,639350.41,647046.36,656935.61,665759.74,675736.81,685930.82,698251.5,707308.96,714077.5,726360.83,735807.54,736060.49,734698.88,732205.74,730775.25,732860.18,735228.01,733175.36,731328.18,731495.45,727445.17,725989.7,723755.41,729503.27,732785.96,734421.02,734994.64,737675.79,741824.46
78660,1204,78660,zip,TX,TX,Pflugerville,Austin-Round Rock-Georgetown,Pflugerville County,311897.33,315893.26,319152.65,320465.55,323043.1,324909.89,326907.08,329377.18,332294.64,334282.5,337689.36,338896.33,343647.32,351136.43,356287.34,362807.27,367986.18,373779.14,378948.38,384059.93,388538.66,394479.77,398994.75,405377.37,412372.5,418599.16,424100.08,430615.06,436244.91,443576.73,447349.69,453162.19,456799.97,461146.34,469489.21,477322.9,482975.15,487559.78,490049.47,496111.14,506659.08,514413.32,520751.55,528768.65,533695.25,540690.95,548421.98,555958.23,555609.32,554516.96,553965.2,551159.3,550990.34,552029.95,548767.21,545659.49,546209.17,544257.0,544916.34,542558.16,548724.41,552781.93,557079.63,563594.21,566927.69,569295.54
78613,1221,78613,zip,TX,TX,Cedar Park,Austin-Round Rock-Georgetown,Cedar Park County,393259.23,394164.8,397677.76,399818.73,403994.21,403920.37,405794.68,406582.17,408420.45,411582.85,414242.63,416827.45,422463.97,428636.24,433340.26,440325.95,447365.88,454145.76,461262.04,468129.89,477541.74,484102.55,490434.01,496191.42,501601.5,506751.23,512494.55,519560.81,527355.72,534819.61,541078.81,550115.13,559037.03,566595.8,573418.32,582389.61,590871.49,596576.72,604807.13,613749.87,620685.81,629728.91,635796.68,647246.46,658731.11,667454.32,677526.45,682113.46,677700.84,675070.45,670873.94,670299.13,672304.59,667914.55,664232.74,662709.22,663924.2,659497.74,658011.96,659633.23,660982.0,663068.58,666867.42,670494.0,676821.99,682050.43
78681,4535,78681,zip,TX,TX,Round Rock,Austin-Round Rock-Georgetown,Round Rock County,360603.04,363684.84,365600.51,369557.52,371448.64,373339.37,376558.82,380056.59,383227.9,383972.59,387280.17,388789.43,394506.9,398344.98,404455.18,409138.85,413292.47,419963.61,426147.55,431328.68,439245.09,444813.86,451084.1,457763.18,463320.88,470462.24,476295.8,482375.76,491100.94,496443.25,499800.03,509212.67,520236.1,526886.9,531201.83,538143.87,545215.79,552538.17,558428.13,567217.06,576050.62,581532.77,590894.05,602805.32,611555.57,619498.47,627907.54,637857.22,632631.88,631045.98,628413.64,630012.0,627792.77,629050.65,625080.57,624306.58,623031.88,619538.45,618009.54,618403.56,622131.68,623328.73,627659.19,630353.56,634118.65,638402.27
77002,1932,77002,zip,TX,TX,Houston,Houston-The Woodlands-Sugar Land,Houston County,279762.85,281286.49,281970.54,280928.87,282714.04,284075.91,284603.83,284617.92,286470.05,287916.16,291125.8,292657.28,295338.93,297553.74,300663.28,303632.41,307201.66,309178.82,311248.39,313291.02,316540.6,320495.81,322618.61,324788.44,327692.77,330072.71,333656.03,334071.33,335915.36,337814.21,338165.17,339892.89,341678.87,344206.16,348109.07,350638.02,352358.8,355117.47,359076.15,360897.42,362798.73,366309.04,368996.06,372664.79,375630.85,379426.6,381283.8,384320.25,382924.37,380378.81,377453.54,377097.69,375569.37,373290.85,372063.27,372206.16,368542.83,365782.47,363672.4,364175.55,365940.99,368247.13,368460.54,368696.87,370666.98,372214.44
77007,1176,77007,zip,TX,TX,Houston,Houston-The Woodlands-Sugar Land,Houston County,351976.18,353185.91,354893.37,356481.29,358738.99,361042.46,360732.1,359743.05,362263.13,365002.99,365345.41,364768.35,367794.87,371764.3,376743.26,380340.74,382959.33,384996.9,388090.11,390846.4,392782.97,398339.38,403659.4,408264.41,410402.67,414738.6,418852.34,422759.24,427726.24,431963.35,436378.03,440702.85,444679.03,445857.06,449535.77,452381.97,454264.1,460190.18,466258.7,471890.01,476026.43,481763.44,485634.97,489815.5,492127.23,496650.36,500713.53,502762.48,501176.97,499553.56,500748.84,500589.92,499105.34,497980.53,496552.64,494760.71,491669.8,489971.99,487405.37,484114.93,486793.86,489312.43,488646.9,490421.64,493848.27,497392.95
77019,4237,77019,zip,TX,TX,Houston,Houston-The Woodlands-Sugar Land,Houston County,622552.38,623464.33,623931.25,627072.0,630293.8,635249.16,639886.44,642192.16,642363.87,644318.37,647315.55,649512.37,653582.42,659306.93,663584.59,667642.95,673607.91,678184.41,684106.53,690140.09,693302.11,697847.59,706440.42,709629.12,710800.04,712516.24,718278.59,724091.44,729628.69,738123.44,738109.79,744891.39,754339.83,757822.36,763021.46,767402.21,771482.46,776899.2,786441.43,797067.96,802641.2,813649.57,820245.61,831122.94,837539.3,844568.91,852251.47,867197.03,866810.13,862370.51,862290.31,858767.42,854929.37,854694.96,852210.58,850366.16,847850.74,846163.31,844703.59,837260.99,842284.32,843172.04,842896.41,846120.29,849717.94,851348.96
77024,4369,77024,zip,TX,TX,Houston,Houston-The Woodlands-Sugar Land,Houston County,704545.17,704526.48,706484.48,708070.8,710804.12,714241.99,714939.32,719352.53,722365.91,721155.34,719802.61,722655.22,727957.41,733555.22,739362.08,745777.29,753863.71,757381.76,760777.92,764368.81,771146.28,780195.56,785427.54,785816.25,788085.7,792420.87,797434.37,802836.86,809352.48,815070.36,824156.78,829078.6,833566.44,841432.49,844287.54,852028.87,859107.24,865600.09,876649.33,882026.15,894534.07,901085.37,904841.95,912270.49,916623.17,921888.93,930362.1,939355.67,934784.3,934748.98,935190.67,936414.74,935092.75,936112.27,928022.02,924352.88,919175.56,916746.8,912424.94,909232.85,918003.78,921208.39,926036.79,929095.67,933023.08,936772.02
77056,913,77056,zip,TX,TX,Houston,Houston-The Woodlands-Sugar Land,Houston County,453373.17,457427.31,459681.91,462333.65,462586.73,464315.13,467482.16,470566.56,472747.56,475895.67,478499.91,482136.95,486412.58,489784.83,494196.58,493805.28,498322.94,496855.26,498261.17,502922.55,507666.41,509957.37,512947.6,519160.23,522559.64,530256.3,534495.29,539425.54,546357.49,550943.11,553693.95,557941.24,562345.16,564541.56,568624.61,571907.52,578068.72,582753.29,586920.92,591429.32,596556.64,602432.99,605445.67,608397.37,615280.8,619441.93,621764.51,627566.47,626556.16,621799.25,620361.93,619869.83,618706.43,618023.34,613565.66,612334.31,609941.39,607228.15,606992.34,607865.09,613568.75,618443.2,620713.38,623853.05,627783.62,630522.97
77079,4761,77079,zip,TX,TX,Houston,Houston-The Woodlands-Sugar Land,Houston County,482108.3,485228.15,487082.76,487965.43,489310.54,492198.32,494171.53,496652.59,499637.59,501074.28,504215.39,506805.31,508982.32,515256.5,518604.52,520178.33,522708.93,525289.48,529574.01,533375.53,537103.56,542398.92,547291.16,552188.4,557284.81,562773.18,563716.46,567609.87,568438.23,573047.23,577623.64,584056.4,590809.79,595895.67,599768.35,605439.45,609324.1,614196.14,620926.76,624855.17,631364.3,637698.28,640973.26,647973.76,654515.51,659951.77,663722.1,667321.05,664242.71,663331.22,659439.54,658326.76,653899.34,651537.32,649797.03,652614.15,647959.74,648877.28,647222.34,646079.03,648892.73,652354.04,654662.69,660137.07,661873.62,666769.31
77380,2855,77380,zip,TX,TX,The Woodlands,Houston-The Woodlands-Sugar Land,The Woodlands County,411565.89,411888.6,414098.42,417550.08,419123.38,420552.32,420828.26,422222.1,421893.45,422425.61,424402.71,427779.7,434807.11,437520.41,442904.49,446771.61,450143.06,454328.39,458047.41,461863.49,464992.62,466762.23,468334.81,472999.3,476390.65,479349.87,483196.9,488214.8,492384.68,495354.67,501139.85,507523.15,512336.33,517931.55,524004.76,529973.33,535189.48,540431.69,545597.66,548166.33,553704.0,555881.47,559003.41,565661.53,571612.67,578736.21,582894.42,585542.66,583363.67,581792.14,580184.63,580417.31,578047.0,576923.33,573481.48,572535.78,570823.51,567827.01,565721.79,563712.05,565510.03,570777.21,572891.74,574764.13,573446.57,574202.01
77479,839,77479,zip,TX,TX,Sugar Land,Houston-The Woodlands-Sugar Land,Sugar Land County,371187.99,371909.0,374938.24,376252.47,379211.82,380798.87,382364.59,383792.19,385331.73,388859.98,387709.41,386932.19,389397.14,392529.29,396482.18,400216.75,402957.14,407412.69,411931.13,415454.04,419977.49,423680.83,426356.6,430660.01,434248.2,437723.93,443159.97,443446.86,445108.43,447084.18,450173.62,453431.16,455008.2,457303.5,459780.93,466848.81,473107.03,476307.48,479598.41,481781.72,482878.07,486571.78,489007.77,492795.36,494372.0,497196.88,501396.14,505958.16,505073.96,501557.9,501339.25,498631.7,498082.49,496572.35,493032.2,491085.42,490150.44,489581.32,487905.5,488683.88,492115.68,493705.23,496791.07,501660.3,506617.44,506777.53
77494,1506,77494,zip,TX,TX,Katy,Houston-The Woodlands-Sugar Land,Katy County,312620.97,312878.94,312889.07,313684.25,315334.44,316498.91,317147.2,317774.31,318366.32,318799.77,322257.12,323833.77,327285.93,329424.01,331875.63,333820.2,333835.18,335125.78,335986.43,336406.63,337891.51,341937.71,344627.63,348718.94,351938.65,355580.39,357464.01,360885.61,364561.64,366847.46,370398.04,373990.37,376365.71,378108.92,379790.6,382927.49,386366.57,388538.89,391678.19,395482.01,399379.32,404433.72,409218.55,411263.06,416630.36,419299.74,423968.48,427446.7,425635.84,422050.67,420567.29,417338.12,417297.17,417944.14,415691.12,414820.62,412673.44,410657.34,410379.53,409100.94,412872.42,413926.61,416823.27,418612.38,421286.19,422406.19
77584,3397,77584,zip,TX,TX,Pearland,Houston-The Woodlands-Sugar Land,Pearland County,291116.88,292180.48,292616.36,294368.04,296119.75,297831.52,300396.11,302903.83,303774.73,305329.8,305979.91,307225.26,309130.29,313105.77,315952.25,318273.2,321959.08,322438.2,323069.44,326425.33,329095.95,331975.98,333310.79,335954.04,340660.94,344228.54,347157.62,349477.62,351859.76,352427.1,355518.92,359264.82,360440.75,362609.07,364250.82,366109.94,369097.56,369742.29,373381.6,377213.08,379946.62,380158.59,382063.46,386533.11,386404.02,389092.4,390827.75,394897.71,392913.22,392210.64,391699.34,392681.99,391264.87,390532.47,387620.99,387842.41,385794.01,383987.62,382810.03,379866.74,381646.91,384281.19,386156.02,385859.96,387260.08,389671.2
75201,2461,75201,zip,TX,TX,Dallas,Dallas-Fort Worth-Arlington,Dallas County,380674.77,383579.17,385807.88,388213.74,392320.46,394833.53,397586.96,402808.17,404563.85,405618.28,408166.94,410745.32,414203.73,417062.9,424123.58,428780.68,432126.52,437635.18,441868.24,445951.7,451163.45,453926.54,458946.0,466169.29,471482.94,475665.64,479698.65,483905.12,488375.49,492705.71,498987.18,501382.51,507692.91,512191.55,517892.67,521320.62,528611.75,535873.24,542774.63,545735.87,552550.67,558747.29,561643.94,567219.44,573511.94,580203.81,586314.39,592689.79,593531.91,593934.38,587044.05,584723.87,582680.87,577870.09,576299.75,576729.83,573119.67,571978.71,568691.28,565838.87,571175.97,573102.16,576762.35,576408.42,582510.83,586476.54
75204,1721,75204,zip,TX,TX,Dallas,Dallas-Fort Worth-Arlington,Dallas County,431914.58,434819.91,435154.96,438874.48,440642.29,442575.74,444135.83,445582.84,448739.36,451327.56,454466.66,456727.0,461997.44,466036.9,473814.68,476324.1,482889.19,489699.72,493344.81,501577.66,508091.39,514652.58,519842.37,524702.03,529619.42,535536.11,543142.63,548869.49,552857.39,559753.34,566897.73,573680.08,580699.91,586034.93,590262.02,594627.25,597656.05,604057.45,609946.8,615241.16,615938.32,619792.89,628074.89,633103.33,640119.24,643849.82,653067.25,659315.74,657911.48,660528.22,661551.59,658958.51,655808.91,653200.99,652240.59,650077.97,647356.92,648264.22,646097.31,648616.3,652035.95,658788.4,662788.54,668017.2,669905.13,671538.84
75205,2995,75205,zip,TX,TX,Dallas,Dallas-Fort Worth-Arlington,Dallas County,655177.68,658532.69,659283.96,659889.99,660364.18,660164.18,663681.83,669240.26,672559.52,671361.53,674334.13,677376.46,688409.56,692284.34,698395.8,708953.84,717000.42,725382.11,732885.28,740939.57,750077.45,755756.69,765305.05,769805.81,778262.2,786462.15,792872.7,800747.46,807259.45,812736.62,820001.8,825486.0,834540.25,840006.27,850200.53,855689.06,862792.23,869803.44,881959.33,891652.83,900002.98,910349.56,913698.21,922716.95,937473.54,947220.49,956885.69,968028.03,967724.86,959022.69,951305.45,949051.69,944169.17,945052.99,941324.26,933037.22,926688.8,916264.45,912872.09,909617.57,913007.36,920527.47,928439.92,932607.53,931298.07,937679.18
75225,2125,75225,zip,TX,TX,Dallas,Dallas-Fort Worth-Arlington,Dallas County,593932.99,597453.93,602200.36,603106.98,609757.0,611050.73,615479.43,615441.24,616800.88,622690.77,625316.85,630019.09,636767.14,642934.31,651994.25,658051.29,661116.35,666134.41,673897.26,681435.83,685046.64,690408.48,696107.69,702305.54,706429.66,712162.26,717727.22,726565.74,735595.04,742629.22,749182.09,756988.39,762703.86,767706.82,773218.45,779478.09,784552.16,792779.11,802442.42,806646.17,814773.45,822383.59,831449.98,839732.2,844467.62,849714.16,858286.3,869518.13,861133.75,859443.5,859932.41,856957.83,855801.46,851429.0,848569.81,841897.73,833450.94,833307.84,828345.5,824728.46,825421.79,826057.44,829756.93,832089.6,837193.56,842516.12
75230,3263,75230,zip,TX,TX,Dallas,Dallas-Fort Worth-Arlington,Dallas County,482743.59,487442.28,488318.32,490679.43,494800.19,499151.27,499518.01,501547.51,506098.74,509400.65,512246.05,514472.76,519025.12,524664.15,529513.56,534741.05,540214.55,544517.79,550832.23,561156.33,563776.39,569962.17,574361.95,581100.48,586992.65,594204.19,602241.7,608611.77,616764.83,618594.84,627732.32,634715.96,643115.49,647193.09,652052.01,658858.01,665412.91,672632.11,681546.87,684753.1,693601.11,700554.35,707131.62,711082.12,719266.06,721249.57,729865.02,733896.57,731812.58,729355.51,729726.47,727146.18,723450.52,720180.67,720770.24,719767.57,716775.58,714116.81,708617.02,707317.01,707119.35,712249.78,716085.86,724794.07,726025.93,729432.45
75254,2017,75254,zip,TX,TX,Dallas,Dallas-Fort Worth-Arlington,Dallas County,404157.95,407623.26,408810.0,411128.73,413186.84,415602.28,416809.17,418781.53,418867.73,421131.87,423806.08,425635.97,427830.05,433377.12,438184.83,441612.29,445656.66,448106.88,451209.47,454993.57,461220.27,464947.62,470490.09,474435.18,479532.43,484124.35,490233.59,494349.38,496960.74,499870.02,504071.12,507222.98,512919.42,517331.91,526190.61,528709.4,534319.49,537854.62,542437.03,548091.54,549748.9,555636.98,564365.32,569241.26,575377.35,582900.28,588442.57,593301.42,587470.92,586838.2,584878.45,581346.92,579823.67,577068.9,574422.88,573744.42,569719.51,569800.38,565701.78,562880.0,568941.56,573710.47,576747.01,578003.4,579975.65,583003.02
75034,187,75034,zip,TX,TX,Frisco,Dallas-Fort Worth-Arlington,Frisco County,522458.24,525022.21,527309.66,527665.1,529485.79,533586.06,534063.62,536430.24,537793.17,540661.78,542734.73,547853.91,554165.05,557525.83,564223.77,568554.78,573256.16,579528.42,584468.76,591878.98,596422.53,601279.29,606108.1,611140.66,619267.35,626628.2,636108.98,646797.48,651265.46,657915.7,662173.33,667250.34,672661.57,677254.86,681890.23,688413.97,692785.29,701463.38,706546.71,719567.45,725788.72,733203.41,737686.2,748838.75,758842.11,767106.47,771678.11,779882.59,774919.19,775994.05,775549.86,773445.27,765471.72,760916.97,760204.21,760689.72,760938.85,755021.76,753439.73,753474.8,753493.63,757243.23,761651.54,764772.57,764346.98,767421.88
75070,3154,75070,zip,TX,TX,McKinney,Dallas-Fort Worth-Arlington,McKinney County,441767.96,443780.56,445249.29,446883.78,449064.97,451906.36,453753.18,455464.31,457867.82,457518.58,460460.93,462762.46,467445.19,473466.91,475427.8,477366.83,482532.62,487347.64,492469.92,496711.87,502668.97,509102.08,514932.29,519678.69,521589.51,528009.08,535224.42,541611.62,545598.46,552157.31,559104.33,567309.99,571492.01,576818.68,583879.99,589819.35,593740.48,600416.41,607462.89,613697.82,620239.07,625960.09,634995.72,639629.87,644899.16,651369.41,659600.67,663233.68,658636.88,652634.6,650740.71,646605.3,643919.53,643265.39,640097.55,638621.39,636132.03,635506.3,634505.62,631285.0,634122.02,639278.21,643229.03,643749.48,648234.39,649366.31
75025,1913,75025,zip,TX,TX,Plano,Dallas-Fort Worth-Arlington,Plano County,463713.26,466435.09,468987.29,471038.12,474352.14,476196.27,478913.78,482561.09,484160.58,485686.38,486374.55,487253.22,489453.08,495419.26,503061.97,510243.67,512857.01,519100.82,526506.48,531050.0,536522.13,538655.51,544473.1,548180.59,553990.71,556935.94,563412.31,570778.1,575144.82,578934.58,580979.34,586324.79,591165.03,594325.95,601076.93,606276.3,610382.49,615470.81,623603.59,630967.6,637031.15,644584.63,648785.56,655336.42,662179.42,667867.87,675419.03,680591.86,679591.03,678677.37,670701.9,671084.82,662935.91,659721.89,659772.06,657164.74,652302.66,648205.41,648257.74,642576.07,647965.34,651098.05,652024.45,654143.95,655418.44,660398.75
75093,359,75093,zip,TX,TX,Plano,Dallas-Fort Worth-Arlington,Plano County,503598.64,503519.33,505427.28,506645.58,511144.87,511630.3,516650.77,519182.42,519968.56,521511.92,522865.32,523480.28,528864.01,532204.45,534045.29,538777.45,541251.21,545442.4,549409.23,553467.36,562324.44,568042.85,574141.42,576823.12,581459.69,587649.86,591720.16,599249.32,603079.67,608592.36,613608.28,620046.85,625055.92,630798.51,636659.64,641623.57,648973.55,655927.41,662312.31,668080.14,676357.41,682642.46,688840.79,695945.54,706447.19,710670.99,719419.05,722527.29,720830.66,722074.27,720966.62,719172.76,715806.06,713725.32,711044.43,707234.7,704497.97,702803.75,699077.73,695289.54,695928.7,700224.09,704870.76,708884.98,714481.99,718242.74
76102,4519,76102,zip,TX,TX,Fort Worth,Dallas-Fort Worth-Arlington,Fort Worth County,261536.99,262772.85,263668.26,266738.01,267710.04,268513.81,270205.99,271761.17,271974.68,274250.57,275544.33,276003.71,279748.08,283070.65,284827.5,289194.34,292657.85,295575.47,299941.32,303084.07,306089.38,308543.94,312167.96,315735.98,318907.24,321340.52,324679.18,327857.98,329824.99,331666.92,335545.92,336282.22,339852.27,342763.36,347536.25,350497.12,354695.53,357820.13,361520.44,365934.79,369086.34,373880.65,376504.88,380602.68,385462.18,390080.06,396223.56,399278.32,396428.49,394056.66,393655.24,393062.31,392003.7,389507.08,389234.66,386636.86,386821.23,388976.72,388237.41,387751.85,389117.29,388949.72,390191.19,390862.83,391120.4,395096.95
76107,1424,76107,zip,TX,TX,Fort Worth,Dallas-Fort Worth-Arlington,Fort Worth County,341978.32,344077.75,345479.15,347027.38,349766.69,351481.59,353798.59,355359.54,356771.58,357049.6,356716.38,358220.05,361862.97,364085.39,367688.59,371424.77,372736.63,375440.69,379653.81,383891.19,386401.45,390449.14,395551.22,400428.85,404318.67,407794.23,411102.24,415790.23,420191.5,425186.82,429606.9,434958.21,439431.23,444859.99,450470.77,453888.23,455965.03,462636.01,467618.59,469889.6,473582.25,479414.71,483806.61,487901.46,494830.95,498224.57,502013.84,507352.34,506424.57,505659.38,505524.73,504309.32,503536.79,501634.62,500224.07,498884.77,497710.04,497370.41,496706.64,495282.41,496556.59,499140.18,501593.92,504392.59,510253.42,512002.91
76109,2756,76109,zip,TX,TX,Fort Worth,Dallas-Fort Worth-Arlington,Fort Worth County,383118.05,385146.28,389773.24,391280.06,393616.89,394641.71,396198.73,398475.61,401479.68,403871.41,407416.33,409337.34,413022.81,420503.46,425205.83,428540.1,431932.94,435030.75,440603.37,444527.76,449142.89,453548.74,459079.53,462504.16,465636.83,470606.52,476161.04,481397.66,485042.63,490878.88,494692.24,498865.16,502441.09,509426.77,515489.08,521579.57,528746.93,538495.94,541119.66,545332.21,549777.47,553871.96,557620.15,562695.08,566268.3,572500.15,578313.94,584931.64,584067.8,583372.19,580968.57,582922.61,581583.81,576589.49,573125.84,568413.88,566738.2,564830.89,562342.65,564048.11,567797.31,571873.13,573135.13,574282.87,577217.69,580403.37
76132,2067,76132,zip,TX,TX,Fort Worth,Dallas-Fort Worth-Arlington,Fort Worth County,369789.49,371438.41,373311.29,374936.89,375896.67,377167.72,378853.44,380850.91,383446.17,386606.75,388198.39,389608.15,394015.77,398677.98,402145.44,407120.45,412388.09,418110.0,424521.7,427663.48,431957.94,436292.14,440526.69,444073.91,446535.55,451125.06,454596.43,459259.67,462758.25,465859.21,470845.25,475766.89,481351.36,489321.38,494621.65,500287.66,503673.27,506765.46,514239.48,517957.21,521514.62,526668.6,531792.78,535670.87,540537.48,547936.42,552090.89,555303.5,555207.86,554362.22,551667.16,547393.67,544528.68,542805.73,543075.51,539757.46,538001.33,537477.01,532024.95,532078.87,532851.8,536046.77,539123.7,543573.5,547189.77,546023.23
76052,4133,76052,zip,TX,TX,Haslet,Dallas-Fort Worth-Arlington,Haslet County,301624.38,302956.07,304904.94,307151.51,309247.93,310595.38,310427.96,311555.92,313502.86,314044.8,316209.77,318652.55,321960.36,322220.71,324207.44,329284.06,332037.01,333380.95,337950.18,341343.22,345888.15,349634.42,353611.75,357532.96,361856.41,367947.29,372698.6,374658.61,378907.24,383993.85,389219.28,392613.35,397911.6,402998.19,410138.33,413316.9,416820.92,420606.34,424193.83,427303.14,428034.68,431756.82,436552.81,440272.39,447231.4,451721.66,457988.43,462927.5,462686.41,461685.96,462196.75,460887.72,460191.03,459316.2,457541.01,456724.28,458415.6,456668.49,455873.15,456225.7,460067.46,462383.97,461389.77,464411.92,463641.73,468004.51
78201,394,78201,zip,TX,TX,San Antonio,San Antonio-New Braunfels,San Antonio County,200901.68,202307.8,202569.52,202436.32,203404.43,204197.54,204713.22,205584.06,208113.22,209466.7,210964.07,212342.05,214983.24,216580.52,216978.1,218591.17,220872.22,221996.59,223655.1,224980.19,227793.81,230128.33,232419.17,234711.94,236563.4,238596.11,239656.54,240001.81,242029.88,244201.37,247040.89,250181.77,253361.58,254629.89,256397.84,258818.49,262854.95,266124.94,269147.64,270987.71,272437.6,275261.88,276555.07,278569.69,280702.32,284289.34,286261.15,286456.45,286030.59,284572.67,283755.35,282830.27,281749.55,281572.33,279432.78,278161.07,277897.4,276551.75,274387.34,274114.51,276134.54,277201.8,276679.96,278372.66,278099.95,279469.98
78205,1689,78205,zip,TX,TX,San Antonio,San Antonio-New Braunfels,San Antonio County,220114.51,220703.15,221464.6,221922.45,223202.08,223796.2,225349.47,226440.96,226872.85,227190.97,226976.85,228082.72,229664.76,229867.65,231337.16,232562.53,235522.36,236203.41,237071.68,239757.68,242651.63,244050.52,245540.15,247958.4,248210.99,248810.78,250591.71,253761.62,255460.0,257581.03,260517.81,264248.59,265905.29,268019.1,271628.29,272560.9,275581.62,276944.39,279245.08,281275.79,282717.6,284145.52,286654.31,289803.67,292009.3,294406.8,297266.53,298778.17,298544.85,298383.05,299818.53,298580.79,297274.72,297068.68,296907.46,295540.13,294296.05,293890.92,292279.59,291042.78,292285.18,294327.61,294971.07,294520.61,294005.26,294070.46
78209,2407,78209,zip,TX,TX,San Antonio,San Antonio-New Braunfels,San Antonio County,370022.38,371330.85,371491.76,372194.53,372818.98,373817.56,376795.96,379051.4,380585.95,381581.91,382612.3,384518.95,388268.97,390317.92,393483.18,394232.82,397637.08,401727.35,404603.64,410045.39,412241.71,415808.55,419090.33,422316.96,425550.65,429091.79,433616.08,438877.24,442385.29,447006.43,449641.39,454271.74,456867.46,462017.26,468777.46,472355.99,473027.86,476034.32,481601.84,486253.74,490506.88,495915.21,500603.27,506436.89,511885.28,518317.17,523021.61,528626.2,526553.25,524023.49,525134.58,523899.78,523593.12,522216.7,519731.19,518189.12,518866.9,518174.59,513959.54,512085.78,516872.18,518608.16,517881.36,522894.01,526056.04,528049.78
78216,3010,78216,zip,TX,TX,San Antonio,San Antonio-New Braunfels,San Antonio County,282029.18,282698.73,284803.35,286405.82,287761.68,289038.35,290042.79,292112.8,292522.92,292269.66,293977.48,295710.1,298501.82,301254.96,303375.3,306519.01,308929.27,310949.26,313145.9,317549.34,318436.91,321461.86,322414.24,324888.87,327065.34,327636.04,330639.51,332907.66,333474.4,336982.12,341128.69,345382.69,348517.68,351353.98,355564.77,360203.88,364310.46,366195.91,369346.67,372788.44,373746.94,377263.18,382853.83,386651.67,391453.98,394800.42,397872.1,401510.17,399322.95,396970.41,397287.55,397731.34,395355.56,395317.6,394028.52,393248.12,392611.31,392604.66,391524.27,392006.04,393937.94,396251.36,396845.82,401003.17,403172.38,405647.46
78230,2226,78230,zip,TX,TX,San Antonio,San Antonio-New Braunfels,San Antonio County,319736.14,320225.94,322696.05,324264.57,323699.92,326003.0,326775.19,329465.84,330696.89,332222.76,334726.68,335164.34,336847.36,339343.57,342900.4,344274.53,345305.94,348921.7,351081.89,353477.44,354336.24,356449.16,359292.67,363169.84,365234.94,369972.81,372172.79,374387.49,379109.29,382382.67,384808.47,387707.85,392383.31,397248.31,399452.89,402597.66,405927.33,407973.73,411169.36,414465.28,419198.74,424070.78,427044.52,430186.78,434485.58,437198.7,441468.35,444883.67,442255.21,439658.94,440248.6,438721.27,439564.08,437568.06,436637.62,438461.9,435755.65,431967.43,432338.82,429969.42,431662.59,432630.48,434709.05,435208.27,436714.17,439050.34
78250,1259,78250,zip,TX,TX,San Antonio,San Antonio-New Braunfels,San Antonio County,270512.93,271313.07,271235.35,271976.45,273161.29,273926.51,274799.2,275881.99,276442.8,278121.69,280432.3,281163.35,283821.92,285888.47,288489.04,292152.08,294935.12,295725.47,298494.05,301986.01,304201.14,307543.37,309367.0,310463.2,313078.39,313933.27,316218.92,319969.45,320696.01,322030.59,323609.79,326137.2,328388.47,332393.96,336004.77,339192.05,342053.78,345193.73,347062.62,350731.64,352367.41,356069.43,360185.03,363294.36,366008.66,369376.28,369160.36,372448.39,371204.39,370034.4,369708.62,368516.56,366150.46,364896.68,363875.94,362909.78,361997.34,362040.09,359774.41,358884.72,361709.07,361273.63,362913.43,363727.76,364778.16,365247.11
78258,1777,78258,zip,TX,TX,San Antonio,San Antonio-New Braunfels,San Antonio County,391361.63,395088.86,395170.53,395364.63,395401.87,399032.55,400075.21,401644.74,402765.99,403235.91,404564.39,409166.2,414148.3,416401.76,420541.92,422857.19,423986.6,428675.27,433596.58,438426.05,441315.45,444625.17,449182.27,453303.28,456394.4,457828.75,461647.78,466835.33,468892.79,473542.46,477801.8,482699.48,487823.78,490710.04,492255.34,495405.5,500690.18,503881.58,506863.48,508148.86,514885.87,520280.4,525644.33,531375.52,536545.87,540444.96,544503.0,548160.6,550848.9,550115.02,547699.25,546821.01,543522.25,544344.88,541632.3,540821.61,540928.66,539930.27,538463.5,536865.56,538922.12,540145.42,541577.64,546147.89,548154.65,549055.06
78023,2318,78023,zip,TX,TX,Helotes,San Antonio-New Braunfels,Helotes County,342482.38,344546.46,346503.82,347622.14,349610.57,350334.02,351462.51,353890.91,356234.67,356610.23,357121.41,358666.35,363393.0,364211.83,367429.65,368852.29,371101.18,373664.27,376182.2,378589.24,381626.14,384066.35,385453.84,389439.28,393434.39,397577.06,398920.0,402469.09,406505.03,408499.5,411778.74,414929.34,420541.86,426334.19,427616.15,434236.41,436518.02,441294.41,446109.59,448345.91,452596.14,456070.9,460477.91,464480.39,469863.26,473728.45,477279.7,482667.32,482059.74,481671.89,479266.54,476325.86,474085.62,471780.4,471477.79,471443.83,469810.09,470417.44,470937.44,469868.51,470589.44,474695.86,476507.75,478594.14,480020.92,480659.65
78132,3304,78132,zip,TX,TX,New Braunfels,San Antonio-New Braunfels,New Braunfels County,309874.17,311701.99,312216.24,316330.81,316565.45,316637.58,318388.72,321123.03,322469.74,324313.21,323816.81,324453.9,326004.52,326759.17,329487.92,329906.87,331237.52,333353.6,335189.1,338269.22,341285.48,344930.89,348468.9,352449.26,355266.83,358432.4,361849.89,364898.46,367382.84,369955.5,372007.77,375454.36,378352.1,380626.18,382914.99,384587.87,388793.92,391995.97,394117.3,398226.22,400742.48,402257.48,406707.92,409306.26,412078.62,415426.16,420173.55,423560.2,420765.82,420190.06,418318.12,419432.43,418172.72,414114.31,413315.94,414487.19,415203.32,416238.37,413716.26,413607.23,414365.79,416302.07,416377.48,417237.98,418060.46,420859.66
78130,4569,78130,zip,TX,TX,New Braunfels,San Antonio-New Braunfels,New Braunfels County,281352.53,281338.11,282200.43,282697.57,284565.92,286710.0,288765.47,289266.29,288045.99,287671.27,290048.84,290859.89,292531.7,296313.54,299808.71,302229.16,304380.97,306695.39,309357.97,313317.79,316221.43,319439.96,323116.02,324567.12,327898.67,330232.09,330381.26,330914.99,332551.58,335741.97,338542.53,341438.12,346168.0,347619.39,350371.74,353494.71,355541.86,358416.41,359563.39,363960.75,366128.2,371288.48,374222.62,378370.56,381337.02,384352.55,386753.95,389986.19,389188.28,387105.04,385798.51,383934.99,385431.95,384171.9,384800.29,383420.06,382568.05,379903.81,378254.56,377358.71,380663.62,382439.77,385557.1,387840.44,391285.32,392781.16
